--- WireDatabaseBackup {"time":"2014-10-11 19:59:32","user":"","dbName":"thetuni0_podcastprofile","description":"","tables":[],"excludeTables":["pages_drafts","pages_roles","permissions","roles","roles_permissions","users","users_roles","user","role","permission"],"excludeCreateTables":[],"excludeExportTables":["field_roles","field_permissions","field_email","field_pass","caches","session_login_throttle","page_path_history"]}

DROP TABLE IF EXISTS `caches`;
CREATE TABLE `caches` (
  `name` varchar(255) NOT NULL,
  `data` mediumtext NOT NULL,
  `expires` datetime NOT NULL,
  PRIMARY KEY (`name`),
  KEY `expires` (`expires`)
) ENGINE=MyISAM DEFAULT CHARSET=utf8;

DROP TABLE IF EXISTS `field_author`;
CREATE TABLE `field_author` (
  `pages_id` int(10) unsigned NOT NULL,
  `data` text NOT NULL,
  PRIMARY KEY (`pages_id`),
  KEY `data_exact` (`data`(255)),
  FULLTEXT KEY `data` (`data`)
) ENGINE=MyISAM DEFAULT CHARSET=utf8;


DROP TABLE IF EXISTS `field_block`;
CREATE TABLE `field_block` (
  `pages_id` int(10) unsigned NOT NULL,
  `data` tinyint(4) NOT NULL,
  PRIMARY KEY (`pages_id`),
  KEY `data` (`data`)
) ENGINE=MyISAM DEFAULT CHARSET=utf8;


DROP TABLE IF EXISTS `field_categories`;
CREATE TABLE `field_categories` (
  `pages_id` int(10) unsigned NOT NULL,
  `data` text NOT NULL,
  `count` int(11) NOT NULL,
  `parent_id` int(11) NOT NULL,
  PRIMARY KEY (`pages_id`),
  KEY `data_exact` (`data`(1)),
  KEY `count` (`count`,`pages_id`),
  KEY `parent_id` (`parent_id`,`pages_id`),
  FULLTEXT KEY `data` (`data`)
) ENGINE=MyISAM DEFAULT CHARSET=utf8;


DROP TABLE IF EXISTS `field_category`;
CREATE TABLE `field_category` (
  `pages_id` int(10) unsigned NOT NULL,
  `data` text NOT NULL,
  PRIMARY KEY (`pages_id`),
  KEY `data_exact` (`data`(255)),
  FULLTEXT KEY `data` (`data`)
) ENGINE=MyISAM DEFAULT CHARSET=utf8;


DROP TABLE IF EXISTS `field_closed_captioned`;
CREATE TABLE `field_closed_captioned` (
  `pages_id` int(10) unsigned NOT NULL,
  `data` tinyint(4) NOT NULL,
  PRIMARY KEY (`pages_id`),
  KEY `data` (`data`)
) ENGINE=MyISAM DEFAULT CHARSET=utf8;


DROP TABLE IF EXISTS `field_complete`;
CREATE TABLE `field_complete` (
  `pages_id` int(10) unsigned NOT NULL,
  `data` tinyint(4) NOT NULL,
  PRIMARY KEY (`pages_id`),
  KEY `data` (`data`)
) ENGINE=MyISAM DEFAULT CHARSET=utf8;


DROP TABLE IF EXISTS `field_content_rating`;
CREATE TABLE `field_content_rating` (
  `pages_id` int(10) unsigned NOT NULL,
  `data` int(11) NOT NULL,
  `sort` int(10) unsigned NOT NULL,
  PRIMARY KEY (`pages_id`,`sort`),
  KEY `data` (`data`,`pages_id`,`sort`)
) ENGINE=MyISAM DEFAULT CHARSET=utf8;


DROP TABLE IF EXISTS `field_duration`;
CREATE TABLE `field_duration` (
  `pages_id` int(10) unsigned NOT NULL,
  `data` text NOT NULL,
  PRIMARY KEY (`pages_id`),
  KEY `data_exact` (`data`(255)),
  FULLTEXT KEY `data` (`data`)
) ENGINE=MyISAM DEFAULT CHARSET=utf8;


DROP TABLE IF EXISTS `field_email`;
CREATE TABLE `field_email` (
  `pages_id` int(10) unsigned NOT NULL,
  `data` varchar(255) NOT NULL DEFAULT '',
  PRIMARY KEY (`pages_id`),
  KEY `data_exact` (`data`),
  FULLTEXT KEY `data` (`data`)
) ENGINE=MyISAM DEFAULT CHARSET=utf8;

DROP TABLE IF EXISTS `field_fieldset_offsite_file`;
CREATE TABLE `field_fieldset_offsite_file` (
  `pages_id` int(10) unsigned NOT NULL,
  `data` int(11) NOT NULL,
  PRIMARY KEY (`pages_id`),
  KEY `data` (`data`)
) ENGINE=MyISAM DEFAULT CHARSET=utf8;


DROP TABLE IF EXISTS `field_fieldset_offsite_file_end`;
CREATE TABLE `field_fieldset_offsite_file_end` (
  `pages_id` int(10) unsigned NOT NULL,
  `data` int(11) NOT NULL,
  PRIMARY KEY (`pages_id`),
  KEY `data` (`data`)
) ENGINE=MyISAM DEFAULT CHARSET=utf8;


DROP TABLE IF EXISTS `field_file`;
CREATE TABLE `field_file` (
  `pages_id` int(10) unsigned NOT NULL,
  `data` varchar(255) NOT NULL,
  `sort` int(10) unsigned NOT NULL,
  `description` text NOT NULL,
  `modified` datetime DEFAULT NULL,
  `created` datetime DEFAULT NULL,
  PRIMARY KEY (`pages_id`,`sort`),
  KEY `data` (`data`),
  KEY `modified` (`modified`),
  KEY `created` (`created`),
  FULLTEXT KEY `description` (`description`)
) ENGINE=MyISAM DEFAULT CHARSET=utf8;


DROP TABLE IF EXISTS `field_file_size`;
CREATE TABLE `field_file_size` (
  `pages_id` int(10) unsigned NOT NULL,
  `data` int(11) NOT NULL,
  PRIMARY KEY (`pages_id`),
  KEY `data` (`data`)
) ENGINE=MyISAM DEFAULT CHARSET=utf8;


DROP TABLE IF EXISTS `field_file_url`;
CREATE TABLE `field_file_url` (
  `pages_id` int(10) unsigned NOT NULL,
  `data` text NOT NULL,
  PRIMARY KEY (`pages_id`),
  KEY `data_exact` (`data`(255)),
  FULLTEXT KEY `data` (`data`)
) ENGINE=MyISAM DEFAULT CHARSET=utf8;


DROP TABLE IF EXISTS `field_image`;
CREATE TABLE `field_image` (
  `pages_id` int(10) unsigned NOT NULL,
  `data` varchar(255) NOT NULL,
  `sort` int(10) unsigned NOT NULL,
  `description` text NOT NULL,
  `modified` datetime DEFAULT NULL,
  `created` datetime DEFAULT NULL,
  PRIMARY KEY (`pages_id`,`sort`),
  KEY `data` (`data`),
  KEY `modified` (`modified`),
  KEY `created` (`created`),
  FULLTEXT KEY `description` (`description`)
) ENGINE=MyISAM DEFAULT CHARSET=utf8;


DROP TABLE IF EXISTS `field_language`;
CREATE TABLE `field_language` (
  `pages_id` int(10) unsigned NOT NULL,
  `data` text NOT NULL,
  PRIMARY KEY (`pages_id`),
  KEY `data_exact` (`data`(255)),
  FULLTEXT KEY `data` (`data`)
) ENGINE=MyISAM DEFAULT CHARSET=utf8;


DROP TABLE IF EXISTS `field_new_feed_url`;
CREATE TABLE `field_new_feed_url` (
  `pages_id` int(10) unsigned NOT NULL,
  `data` text NOT NULL,
  PRIMARY KEY (`pages_id`),
  KEY `data_exact` (`data`(255)),
  FULLTEXT KEY `data` (`data`)
) ENGINE=MyISAM DEFAULT CHARSET=utf8;


DROP TABLE IF EXISTS `field_order`;
CREATE TABLE `field_order` (
  `pages_id` int(10) unsigned NOT NULL,
  `data` int(11) NOT NULL,
  PRIMARY KEY (`pages_id`),
  KEY `data` (`data`)
) ENGINE=MyISAM DEFAULT CHARSET=utf8;


DROP TABLE IF EXISTS `field_owner_email`;
CREATE TABLE `field_owner_email` (
  `pages_id` int(10) unsigned NOT NULL,
  `data` varchar(255) NOT NULL DEFAULT '',
  PRIMARY KEY (`pages_id`),
  KEY `data_exact` (`data`),
  FULLTEXT KEY `data` (`data`)
) ENGINE=MyISAM DEFAULT CHARSET=utf8;


DROP TABLE IF EXISTS `field_pass`;
CREATE TABLE `field_pass` (
  `pages_id` int(10) unsigned NOT NULL,
  `data` char(40) NOT NULL,
  `salt` char(32) NOT NULL,
  PRIMARY KEY (`pages_id`),
  KEY `data` (`data`)
) ENGINE=MyISAM DEFAULT CHARSET=ascii;

DROP TABLE IF EXISTS `field_permissions`;
CREATE TABLE `field_permissions` (
  `pages_id` int(10) unsigned NOT NULL,
  `data` int(11) NOT NULL,
  `sort` int(10) unsigned NOT NULL,
  PRIMARY KEY (`pages_id`,`sort`),
  KEY `data` (`data`,`pages_id`,`sort`)
) ENGINE=MyISAM DEFAULT CHARSET=utf8;

DROP TABLE IF EXISTS `field_podcast_description`;
CREATE TABLE `field_podcast_description` (
  `pages_id` int(10) unsigned NOT NULL,
  `data` mediumtext NOT NULL,
  PRIMARY KEY (`pages_id`),
  KEY `data_exact` (`data`(255)),
  FULLTEXT KEY `data` (`data`)
) ENGINE=MyISAM DEFAULT CHARSET=utf8;


DROP TABLE IF EXISTS `field_process`;
CREATE TABLE `field_process` (
  `pages_id` int(11) NOT NULL DEFAULT '0',
  `data` int(11) NOT NULL DEFAULT '0',
  PRIMARY KEY (`pages_id`),
  KEY `data` (`data`)
) ENGINE=MyISAM DEFAULT CHARSET=utf8;

INSERT INTO `field_process` (`pages_id`, `data`) VALUES('6', '17');
INSERT INTO `field_process` (`pages_id`, `data`) VALUES('3', '12');
INSERT INTO `field_process` (`pages_id`, `data`) VALUES('8', '12');
INSERT INTO `field_process` (`pages_id`, `data`) VALUES('9', '14');
INSERT INTO `field_process` (`pages_id`, `data`) VALUES('10', '7');
INSERT INTO `field_process` (`pages_id`, `data`) VALUES('11', '47');
INSERT INTO `field_process` (`pages_id`, `data`) VALUES('16', '48');
INSERT INTO `field_process` (`pages_id`, `data`) VALUES('300', '104');
INSERT INTO `field_process` (`pages_id`, `data`) VALUES('21', '50');
INSERT INTO `field_process` (`pages_id`, `data`) VALUES('29', '66');
INSERT INTO `field_process` (`pages_id`, `data`) VALUES('23', '10');
INSERT INTO `field_process` (`pages_id`, `data`) VALUES('304', '138');
INSERT INTO `field_process` (`pages_id`, `data`) VALUES('31', '136');
INSERT INTO `field_process` (`pages_id`, `data`) VALUES('22', '76');
INSERT INTO `field_process` (`pages_id`, `data`) VALUES('30', '68');
INSERT INTO `field_process` (`pages_id`, `data`) VALUES('303', '129');
INSERT INTO `field_process` (`pages_id`, `data`) VALUES('2', '87');
INSERT INTO `field_process` (`pages_id`, `data`) VALUES('302', '121');
INSERT INTO `field_process` (`pages_id`, `data`) VALUES('301', '109');
INSERT INTO `field_process` (`pages_id`, `data`) VALUES('28', '76');
INSERT INTO `field_process` (`pages_id`, `data`) VALUES('1007', '150');
INSERT INTO `field_process` (`pages_id`, `data`) VALUES('1051', '164');

DROP TABLE IF EXISTS `field_pub_date`;
CREATE TABLE `field_pub_date` (
  `pages_id` int(10) unsigned NOT NULL,
  `data` datetime NOT NULL,
  PRIMARY KEY (`pages_id`),
  KEY `data` (`data`)
) ENGINE=MyISAM DEFAULT CHARSET=utf8;


DROP TABLE IF EXISTS `field_roles`;
CREATE TABLE `field_roles` (
  `pages_id` int(10) unsigned NOT NULL,
  `data` int(11) NOT NULL,
  `sort` int(10) unsigned NOT NULL,
  PRIMARY KEY (`pages_id`,`sort`),
  KEY `data` (`data`,`pages_id`,`sort`)
) ENGINE=MyISAM DEFAULT CHARSET=utf8;

DROP TABLE IF EXISTS `field_subcategory`;
CREATE TABLE `field_subcategory` (
  `pages_id` int(10) unsigned NOT NULL,
  `data` text NOT NULL,
  PRIMARY KEY (`pages_id`),
  KEY `data_exact` (`data`(255)),
  FULLTEXT KEY `data` (`data`)
) ENGINE=MyISAM DEFAULT CHARSET=utf8;


DROP TABLE IF EXISTS `field_subtitle`;
CREATE TABLE `field_subtitle` (
  `pages_id` int(10) unsigned NOT NULL,
  `data` text NOT NULL,
  PRIMARY KEY (`pages_id`),
  KEY `data_exact` (`data`(255)),
  FULLTEXT KEY `data` (`data`)
) ENGINE=MyISAM DEFAULT CHARSET=utf8;


DROP TABLE IF EXISTS `field_summary`;
CREATE TABLE `field_summary` (
  `pages_id` int(10) unsigned NOT NULL,
  `data` mediumtext NOT NULL,
  PRIMARY KEY (`pages_id`),
  KEY `data_exact` (`data`(255)),
  FULLTEXT KEY `data` (`data`)
) ENGINE=MyISAM DEFAULT CHARSET=utf8;


DROP TABLE IF EXISTS `field_title`;
CREATE TABLE `field_title` (
  `pages_id` int(10) unsigned NOT NULL,
  `data` text NOT NULL,
  PRIMARY KEY (`pages_id`),
  KEY `data_exact` (`data`(255)),
  FULLTEXT KEY `data` (`data`)
) ENGINE=MyISAM DEFAULT CHARSET=utf8;

INSERT INTO `field_title` (`pages_id`, `data`) VALUES('11', 'Templates');
INSERT INTO `field_title` (`pages_id`, `data`) VALUES('16', 'Fields');
INSERT INTO `field_title` (`pages_id`, `data`) VALUES('22', 'Setup');
INSERT INTO `field_title` (`pages_id`, `data`) VALUES('3', 'Pages');
INSERT INTO `field_title` (`pages_id`, `data`) VALUES('6', 'Add Page');
INSERT INTO `field_title` (`pages_id`, `data`) VALUES('8', 'Tree');
INSERT INTO `field_title` (`pages_id`, `data`) VALUES('9', 'Save Sort');
INSERT INTO `field_title` (`pages_id`, `data`) VALUES('10', 'Edit Page');
INSERT INTO `field_title` (`pages_id`, `data`) VALUES('21', 'Modules');
INSERT INTO `field_title` (`pages_id`, `data`) VALUES('29', 'Users');
INSERT INTO `field_title` (`pages_id`, `data`) VALUES('30', 'Roles');
INSERT INTO `field_title` (`pages_id`, `data`) VALUES('2', 'Admin');
INSERT INTO `field_title` (`pages_id`, `data`) VALUES('7', 'Trash');
INSERT INTO `field_title` (`pages_id`, `data`) VALUES('27', '404 Not Found');
INSERT INTO `field_title` (`pages_id`, `data`) VALUES('302', 'Insert Link');
INSERT INTO `field_title` (`pages_id`, `data`) VALUES('23', 'Login');
INSERT INTO `field_title` (`pages_id`, `data`) VALUES('304', 'Profile');
INSERT INTO `field_title` (`pages_id`, `data`) VALUES('301', 'Empty Trash');
INSERT INTO `field_title` (`pages_id`, `data`) VALUES('300', 'Search');
INSERT INTO `field_title` (`pages_id`, `data`) VALUES('303', 'Insert Image');
INSERT INTO `field_title` (`pages_id`, `data`) VALUES('28', 'Access');
INSERT INTO `field_title` (`pages_id`, `data`) VALUES('31', 'Permissions');
INSERT INTO `field_title` (`pages_id`, `data`) VALUES('32', 'Edit pages');
INSERT INTO `field_title` (`pages_id`, `data`) VALUES('34', 'Delete pages');
INSERT INTO `field_title` (`pages_id`, `data`) VALUES('35', 'Move pages (change parent)');
INSERT INTO `field_title` (`pages_id`, `data`) VALUES('36', 'View pages');
INSERT INTO `field_title` (`pages_id`, `data`) VALUES('50', 'Sort child pages');
INSERT INTO `field_title` (`pages_id`, `data`) VALUES('51', 'Change templates on pages');
INSERT INTO `field_title` (`pages_id`, `data`) VALUES('52', 'Administer users (role must also have template edit access)');
INSERT INTO `field_title` (`pages_id`, `data`) VALUES('53', 'User can update profile/password');
INSERT INTO `field_title` (`pages_id`, `data`) VALUES('54', 'Lock or unlock a page');
INSERT INTO `field_title` (`pages_id`, `data`) VALUES('1', 'Podcasts');
INSERT INTO `field_title` (`pages_id`, `data`) VALUES('1006', 'Use Page Lister');
INSERT INTO `field_title` (`pages_id`, `data`) VALUES('1007', 'Find');
INSERT INTO `field_title` (`pages_id`, `data`) VALUES('1037', 'Content Ratings');
INSERT INTO `field_title` (`pages_id`, `data`) VALUES('1019', 'Repeaters');
INSERT INTO `field_title` (`pages_id`, `data`) VALUES('1020', 'categories');
INSERT INTO `field_title` (`pages_id`, `data`) VALUES('1039', 'Clean');
INSERT INTO `field_title` (`pages_id`, `data`) VALUES('1040', 'Explicit');
INSERT INTO `field_title` (`pages_id`, `data`) VALUES('1051', 'Recent');
INSERT INTO `field_title` (`pages_id`, `data`) VALUES('1052', 'Can see recently edited pages');

DROP TABLE IF EXISTS `field_website`;
CREATE TABLE `field_website` (
  `pages_id` int(10) unsigned NOT NULL,
  `data` text NOT NULL,
  PRIMARY KEY (`pages_id`),
  KEY `data_exact` (`data`(255)),
  FULLTEXT KEY `data` (`data`)
) ENGINE=MyISAM DEFAULT CHARSET=utf8;


DROP TABLE IF EXISTS `fieldgroups`;
CREATE TABLE `fieldgroups` (
  `id` int(10) unsigned NOT NULL AUTO_INCREMENT,
  `name` varchar(255) CHARACTER SET ascii NOT NULL,
  PRIMARY KEY (`id`),
  UNIQUE KEY `name` (`name`)
) ENGINE=MyISAM AUTO_INCREMENT=102 DEFAULT CHARSET=utf8;

INSERT INTO `fieldgroups` (`id`, `name`) VALUES('2', 'admin');
INSERT INTO `fieldgroups` (`id`, `name`) VALUES('3', 'user');
INSERT INTO `fieldgroups` (`id`, `name`) VALUES('4', 'role');
INSERT INTO `fieldgroups` (`id`, `name`) VALUES('5', 'permission');
INSERT INTO `fieldgroups` (`id`, `name`) VALUES('1', 'podcasts');
INSERT INTO `fieldgroups` (`id`, `name`) VALUES('83', 'basic-page');
INSERT INTO `fieldgroups` (`id`, `name`) VALUES('97', 'podcast');
INSERT INTO `fieldgroups` (`id`, `name`) VALUES('98', 'episode');
INSERT INTO `fieldgroups` (`id`, `name`) VALUES('99', 'repeater_categories');
INSERT INTO `fieldgroups` (`id`, `name`) VALUES('100', 'content_ratings');
INSERT INTO `fieldgroups` (`id`, `name`) VALUES('101', 'content_rating');

DROP TABLE IF EXISTS `fieldgroups_fields`;
CREATE TABLE `fieldgroups_fields` (
  `fieldgroups_id` int(10) unsigned NOT NULL DEFAULT '0',
  `fields_id` int(10) unsigned NOT NULL DEFAULT '0',
  `sort` int(11) unsigned NOT NULL DEFAULT '0',
  `data` text,
  PRIMARY KEY (`fieldgroups_id`,`fields_id`)
) ENGINE=MyISAM DEFAULT CHARSET=utf8;

INSERT INTO `fieldgroups_fields` (`fieldgroups_id`, `fields_id`, `sort`, `data`) VALUES('2', '2', '1', NULL);
INSERT INTO `fieldgroups_fields` (`fieldgroups_id`, `fields_id`, `sort`, `data`) VALUES('2', '1', '0', NULL);
INSERT INTO `fieldgroups_fields` (`fieldgroups_id`, `fields_id`, `sort`, `data`) VALUES('3', '3', '0', NULL);
INSERT INTO `fieldgroups_fields` (`fieldgroups_id`, `fields_id`, `sort`, `data`) VALUES('3', '4', '2', NULL);
INSERT INTO `fieldgroups_fields` (`fieldgroups_id`, `fields_id`, `sort`, `data`) VALUES('4', '5', '0', NULL);
INSERT INTO `fieldgroups_fields` (`fieldgroups_id`, `fields_id`, `sort`, `data`) VALUES('5', '1', '0', NULL);
INSERT INTO `fieldgroups_fields` (`fieldgroups_id`, `fields_id`, `sort`, `data`) VALUES('3', '92', '1', NULL);
INSERT INTO `fieldgroups_fields` (`fieldgroups_id`, `fields_id`, `sort`, `data`) VALUES('83', '1', '0', NULL);
INSERT INTO `fieldgroups_fields` (`fieldgroups_id`, `fields_id`, `sort`, `data`) VALUES('1', '1', '0', NULL);
INSERT INTO `fieldgroups_fields` (`fieldgroups_id`, `fields_id`, `sort`, `data`) VALUES('97', '120', '12', NULL);
INSERT INTO `fieldgroups_fields` (`fieldgroups_id`, `fields_id`, `sort`, `data`) VALUES('97', '118', '11', NULL);
INSERT INTO `fieldgroups_fields` (`fieldgroups_id`, `fields_id`, `sort`, `data`) VALUES('98', '117', '12', NULL);
INSERT INTO `fieldgroups_fields` (`fieldgroups_id`, `fields_id`, `sort`, `data`) VALUES('98', '116', '11', NULL);
INSERT INTO `fieldgroups_fields` (`fieldgroups_id`, `fields_id`, `sort`, `data`) VALUES('97', '122', '10', '{\"description\":\"If checked, this podcast will not appear in the iTunes store\",\"label\":\"Block Podcast\"}');
INSERT INTO `fieldgroups_fields` (`fieldgroups_id`, `fields_id`, `sort`, `data`) VALUES('99', '109', '0', '{\"columnWidth\":50}');
INSERT INTO `fieldgroups_fields` (`fieldgroups_id`, `fields_id`, `sort`, `data`) VALUES('99', '110', '1', '{\"columnWidth\":50}');
INSERT INTO `fieldgroups_fields` (`fieldgroups_id`, `fields_id`, `sort`, `data`) VALUES('98', '107', '10', NULL);
INSERT INTO `fieldgroups_fields` (`fieldgroups_id`, `fields_id`, `sort`, `data`) VALUES('98', '114', '9', NULL);
INSERT INTO `fieldgroups_fields` (`fieldgroups_id`, `fields_id`, `sort`, `data`) VALUES('98', '112', '8', '{\"columnWidth\":25}');
INSERT INTO `fieldgroups_fields` (`fieldgroups_id`, `fields_id`, `sort`, `data`) VALUES('98', '100', '7', '{\"columnWidth\":75}');
INSERT INTO `fieldgroups_fields` (`fieldgroups_id`, `fields_id`, `sort`, `data`) VALUES('98', '113', '6', '{\"collapsed\":\"2\"}');
INSERT INTO `fieldgroups_fields` (`fieldgroups_id`, `fields_id`, `sort`, `data`) VALUES('98', '108', '5', NULL);
INSERT INTO `fieldgroups_fields` (`fieldgroups_id`, `fields_id`, `sort`, `data`) VALUES('98', '97', '4', NULL);
INSERT INTO `fieldgroups_fields` (`fieldgroups_id`, `fields_id`, `sort`, `data`) VALUES('98', '98', '3', NULL);
INSERT INTO `fieldgroups_fields` (`fieldgroups_id`, `fields_id`, `sort`, `data`) VALUES('98', '102', '2', NULL);
INSERT INTO `fieldgroups_fields` (`fieldgroups_id`, `fields_id`, `sort`, `data`) VALUES('98', '101', '1', NULL);
INSERT INTO `fieldgroups_fields` (`fieldgroups_id`, `fields_id`, `sort`, `data`) VALUES('97', '105', '9', NULL);
INSERT INTO `fieldgroups_fields` (`fieldgroups_id`, `fields_id`, `sort`, `data`) VALUES('97', '117', '8', NULL);
INSERT INTO `fieldgroups_fields` (`fieldgroups_id`, `fields_id`, `sort`, `data`) VALUES('98', '1', '0', NULL);
INSERT INTO `fieldgroups_fields` (`fieldgroups_id`, `fields_id`, `sort`, `data`) VALUES('100', '1', '0', NULL);
INSERT INTO `fieldgroups_fields` (`fieldgroups_id`, `fields_id`, `sort`, `data`) VALUES('101', '1', '0', NULL);
INSERT INTO `fieldgroups_fields` (`fieldgroups_id`, `fields_id`, `sort`, `data`) VALUES('97', '111', '7', NULL);
INSERT INTO `fieldgroups_fields` (`fieldgroups_id`, `fields_id`, `sort`, `data`) VALUES('97', '119', '6', NULL);
INSERT INTO `fieldgroups_fields` (`fieldgroups_id`, `fields_id`, `sort`, `data`) VALUES('97', '104', '5', NULL);
INSERT INTO `fieldgroups_fields` (`fieldgroups_id`, `fields_id`, `sort`, `data`) VALUES('97', '103', '4', NULL);
INSERT INTO `fieldgroups_fields` (`fieldgroups_id`, `fields_id`, `sort`, `data`) VALUES('97', '1', '0', NULL);
INSERT INTO `fieldgroups_fields` (`fieldgroups_id`, `fields_id`, `sort`, `data`) VALUES('97', '101', '1', NULL);
INSERT INTO `fieldgroups_fields` (`fieldgroups_id`, `fields_id`, `sort`, `data`) VALUES('97', '102', '2', NULL);
INSERT INTO `fieldgroups_fields` (`fieldgroups_id`, `fields_id`, `sort`, `data`) VALUES('97', '98', '3', NULL);
INSERT INTO `fieldgroups_fields` (`fieldgroups_id`, `fields_id`, `sort`, `data`) VALUES('98', '121', '13', NULL);
INSERT INTO `fieldgroups_fields` (`fieldgroups_id`, `fields_id`, `sort`, `data`) VALUES('98', '105', '14', NULL);
INSERT INTO `fieldgroups_fields` (`fieldgroups_id`, `fields_id`, `sort`, `data`) VALUES('98', '122', '15', '{\"description\":\"If checked, this episode will not appear in the iTunes store\",\"label\":\"Block Episode\"}');

DROP TABLE IF EXISTS `fields`;
CREATE TABLE `fields` (
  `id` int(10) unsigned NOT NULL AUTO_INCREMENT,
  `type` varchar(128) CHARACTER SET ascii NOT NULL,
  `name` varchar(255) CHARACTER SET ascii NOT NULL,
  `flags` int(11) NOT NULL DEFAULT '0',
  `label` varchar(255) NOT NULL DEFAULT '',
  `data` text NOT NULL,
  PRIMARY KEY (`id`),
  UNIQUE KEY `name` (`name`),
  KEY `type` (`type`)
) ENGINE=MyISAM AUTO_INCREMENT=123 DEFAULT CHARSET=utf8;

INSERT INTO `fields` (`id`, `type`, `name`, `flags`, `label`, `data`) VALUES('1', 'FieldtypePageTitle', 'title', '13', 'Title', '{\"required\":1,\"textformatters\":[\"TextformatterEntities\"],\"size\":0,\"maxlength\":255}');
INSERT INTO `fields` (`id`, `type`, `name`, `flags`, `label`, `data`) VALUES('2', 'FieldtypeModule', 'process', '25', 'Process', '{\"description\":\"The process that is executed on this page. Since this is mostly used by ProcessWire internally, it is recommended that you don\'t change the value of this unless adding your own pages in the admin.\",\"collapsed\":1,\"required\":1,\"moduleTypes\":[\"Process\"],\"permanent\":1}');
INSERT INTO `fields` (`id`, `type`, `name`, `flags`, `label`, `data`) VALUES('3', 'FieldtypePassword', 'pass', '24', 'Set Password', '{\"collapsed\":1,\"size\":50,\"maxlength\":128}');
INSERT INTO `fields` (`id`, `type`, `name`, `flags`, `label`, `data`) VALUES('5', 'FieldtypePage', 'permissions', '24', 'Permissions', '{\"derefAsPage\":0,\"parent_id\":31,\"labelFieldName\":\"title\",\"inputfield\":\"InputfieldCheckboxes\"}');
INSERT INTO `fields` (`id`, `type`, `name`, `flags`, `label`, `data`) VALUES('4', 'FieldtypePage', 'roles', '24', 'Roles', '{\"derefAsPage\":0,\"parent_id\":30,\"labelFieldName\":\"name\",\"inputfield\":\"InputfieldCheckboxes\",\"description\":\"User will inherit the permissions assigned to each role. You may assign multiple roles to a user. When accessing a page, the user will only inherit permissions from the roles that are also assigned to the page\'s template.\"}');
INSERT INTO `fields` (`id`, `type`, `name`, `flags`, `label`, `data`) VALUES('92', 'FieldtypeEmail', 'email', '9', 'E-Mail Address', '{\"size\":70,\"maxlength\":255}');
INSERT INTO `fields` (`id`, `type`, `name`, `flags`, `label`, `data`) VALUES('97', 'FieldtypeDatetime', 'pub_date', '0', 'Publish Date', '{\"size\":25,\"datepicker\":3,\"dateInputFormat\":\"m\\/d\\/y\",\"defaultToday\":1,\"placeholder\":\"MM\\/DD\\/YY\"}');
INSERT INTO `fields` (`id`, `type`, `name`, `flags`, `label`, `data`) VALUES('98', 'FieldtypeText', 'author', '0', 'Author', '{\"size\":0,\"maxlength\":2048,\"textformatters\":[\"TextformatterEntities\"],\"stripTags\":1}');
INSERT INTO `fields` (`id`, `type`, `name`, `flags`, `label`, `data`) VALUES('99', 'FieldtypeTextarea', 'podcast_description', '0', 'Description', '{\"textformatters\":[\"TextformatterEntities\"],\"inputfieldClass\":\"InputfieldTextarea\",\"contentType\":0,\"rows\":5}');
INSERT INTO `fields` (`id`, `type`, `name`, `flags`, `label`, `data`) VALUES('100', 'FieldtypeURL', 'file_url', '0', 'File URL', '{\"noRelative\":0,\"addRoot\":1,\"size\":0,\"maxlength\":1024,\"textformatters\":[\"TextformatterEntities\"]}');
INSERT INTO `fields` (`id`, `type`, `name`, `flags`, `label`, `data`) VALUES('101', 'FieldtypeText', 'subtitle', '0', 'Subtitle', '{\"textformatters\":[\"TextformatterEntities\"],\"size\":0,\"maxlength\":2048,\"description\":\"Shows in the iTunes Description column. For best results, choose a subtitle that is only a few words long.\",\"stripTags\":1}');
INSERT INTO `fields` (`id`, `type`, `name`, `flags`, `label`, `data`) VALUES('102', 'FieldtypeTextarea', 'summary', '0', 'Summary', '{\"textformatters\":[\"TextformatterEntities\"],\"inputfieldClass\":\"InputfieldTextarea\",\"contentType\":0,\"rows\":5,\"description\":\"Shows on iTunes when the \\\"circled i\\u201d icon in the Description column is clicked\"}');
INSERT INTO `fields` (`id`, `type`, `name`, `flags`, `label`, `data`) VALUES('103', 'FieldtypeURL', 'website', '0', 'Podcast Website', '');
INSERT INTO `fields` (`id`, `type`, `name`, `flags`, `label`, `data`) VALUES('104', 'FieldtypeEmail', 'owner_email', '0', 'Owner\'s Email Address', '{\"description\":\"Not visible on iTunes\",\"size\":0,\"maxlength\":512}');
INSERT INTO `fields` (`id`, `type`, `name`, `flags`, `label`, `data`) VALUES('105', 'FieldtypeImage', 'image', '0', 'Image', '{\"textformatters\":[\"TextformatterEntities\"],\"description\":\"1400 x 1400 pixel cover image recommended. 600 x 600 pixel minimum.\",\"extensions\":\"gif jpg jpeg png\",\"maxFiles\":1,\"outputFormat\":0,\"defaultValuePage\":0,\"inputfieldClass\":\"InputfieldImage\",\"descriptionRows\":0,\"adminThumbs\":1,\"defaultGrid\":0,\"maxWidth\":1400,\"maxHeight\":1400,\"minWidth\":600,\"minHeight\":600,\"fileSchema\":2}');
INSERT INTO `fields` (`id`, `type`, `name`, `flags`, `label`, `data`) VALUES('112', 'FieldtypeInteger', 'file_size', '0', 'File Size (Bytes)', '');
INSERT INTO `fields` (`id`, `type`, `name`, `flags`, `label`, `data`) VALUES('113', 'FieldtypeFieldsetOpen', 'fieldset_offsite_file', '0', 'Off-site File', '{\"description\":\"Use this to link to a file that is already hosted on another server.\"}');
INSERT INTO `fields` (`id`, `type`, `name`, `flags`, `label`, `data`) VALUES('107', 'FieldtypeText', 'duration', '0', 'Duration', '{\"size\":8,\"maxlength\":8,\"placeholder\":\"MM:SS\",\"description\":\"Acceptable formats include HH:MM:SS, H:MM:SS, MM:SS, or M:SS\",\"stripTags\":1,\"textformatters\":[\"TextformatterEntities\"]}');
INSERT INTO `fields` (`id`, `type`, `name`, `flags`, `label`, `data`) VALUES('108', 'FieldtypeFile', 'file', '0', 'File', '{\"extensions\":\"M4A MP3 MOV MP4 M4V PDF EPUB\",\"maxFiles\":1,\"outputFormat\":0,\"defaultValuePage\":0,\"inputfieldClass\":\"InputfieldFile\",\"descriptionRows\":0,\"fileSchema\":2}');
INSERT INTO `fields` (`id`, `type`, `name`, `flags`, `label`, `data`) VALUES('117', 'FieldtypePage', 'content_rating', '0', 'Content Rating', '{\"derefAsPage\":1,\"parent_id\":1037,\"template_id\":47,\"labelFieldName\":\"title\",\"inputfield\":\"InputfieldSelect\",\"optionColumns\":0}');
INSERT INTO `fields` (`id`, `type`, `name`, `flags`, `label`, `data`) VALUES('109', 'FieldtypeText', 'category', '0', 'Category', '{\"textformatters\":[\"TextformatterEntities\"],\"size\":0,\"maxlength\":2048,\"stripTags\":1}');
INSERT INTO `fields` (`id`, `type`, `name`, `flags`, `label`, `data`) VALUES('110', 'FieldtypeText', 'subcategory', '0', 'Subcategory', '{\"size\":0,\"maxlength\":2048,\"textformatters\":[\"TextformatterEntities\"],\"stripTags\":1}');
INSERT INTO `fields` (`id`, `type`, `name`, `flags`, `label`, `data`) VALUES('111', 'FieldtypeRepeater', 'categories', '0', 'Categories', '{\"template_id\":45,\"parent_id\":1020,\"repeaterReadyItems\":5,\"repeaterFields\":[109,110],\"description\":\"A list of available categories and subcategories can be found at https:\\/\\/www.apple.com\\/itunes\\/podcasts\\/specs.html\"}');
INSERT INTO `fields` (`id`, `type`, `name`, `flags`, `label`, `data`) VALUES('114', 'FieldtypeFieldsetClose', 'fieldset_offsite_file_END', '0', 'Close an open fieldset', '{\"description\":\"This field was added automatically to accompany fieldset \'fieldset_offsite_file\'. It should be placed in your template\\/fieldgroup wherever you want the fieldset to end.\"}');
INSERT INTO `fields` (`id`, `type`, `name`, `flags`, `label`, `data`) VALUES('116', 'FieldtypeCheckbox', 'closed_captioned', '0', 'Closed Captioned', '');
INSERT INTO `fields` (`id`, `type`, `name`, `flags`, `label`, `data`) VALUES('118', 'FieldtypeCheckbox', 'complete', '0', 'Complete', '{\"description\":\"Check this box to indicate that this podcast has been completed and no further episodes will be posted in the future.\"}');
INSERT INTO `fields` (`id`, `type`, `name`, `flags`, `label`, `data`) VALUES('119', 'FieldtypeText', 'language', '0', 'Language', '{\"description\":\"Because the iTunes Store is available in territories around the world, it is critical to specify the language of a podcast. Only values from the ISO 639 list (two-letter language codes, with some possible modifiers, such as \\u201cen-us\\\") are supported. See http:\\/\\/www.loc.gov\\/standards\\/iso639-2\\/php\\/code_list.php\",\"size\":10,\"maxlength\":10,\"textformatters\":[\"TextformatterEntities\"],\"stripTags\":1}');
INSERT INTO `fields` (`id`, `type`, `name`, `flags`, `label`, `data`) VALUES('120', 'FieldtypeURL', 'new_feed_url', '0', 'New Feed URL', '{\"description\":\"Use this only if you are retiring this feed and want to redirect iTunes to a new feed somewhere else. After adding the this URL, you should maintain this feed for at least 48 hours before unpublishing it.\",\"textformatters\":[\"TextformatterEntities\"],\"noRelative\":1,\"addRoot\":0,\"size\":0,\"maxlength\":1024}');
INSERT INTO `fields` (`id`, `type`, `name`, `flags`, `label`, `data`) VALUES('121', 'FieldtypeInteger', 'order', '0', 'Order', '{\"description\":\"Use this to override the default ordering of episodes on the iTunes Store by populating it with the number value in which you would like the episode to appear. For example, if you would like an episode to appear as the first episode of the podcast, you would populate the this field with \\u201c1.\\u201d If conflicting order values are present in multiple episodes, the store will order by the publish date.\",\"inputType\":\"number\",\"min\":0}');
INSERT INTO `fields` (`id`, `type`, `name`, `flags`, `label`, `data`) VALUES('122', 'FieldtypeCheckbox', 'block', '0', 'Block', '{\"description\":\"If checked, this podcast\\/episode will not appear in the iTunes store\"}');

DROP TABLE IF EXISTS `modules`;
CREATE TABLE `modules` (
  `id` int(10) unsigned NOT NULL AUTO_INCREMENT,
  `class` varchar(128) CHARACTER SET ascii NOT NULL,
  `flags` int(11) NOT NULL DEFAULT '0',
  `data` text NOT NULL,
  `created` timestamp NOT NULL DEFAULT '0000-00-00 00:00:00',
  PRIMARY KEY (`id`),
  UNIQUE KEY `class` (`class`)
) ENGINE=MyISAM AUTO_INCREMENT=167 DEFAULT CHARSET=utf8;

INSERT INTO `modules` (`id`, `class`, `flags`, `data`, `created`) VALUES('1', 'FieldtypeTextarea', '0', '', '0000-00-00 00:00:00');
INSERT INTO `modules` (`id`, `class`, `flags`, `data`, `created`) VALUES('2', 'FieldtypeNumber', '0', '', '0000-00-00 00:00:00');
INSERT INTO `modules` (`id`, `class`, `flags`, `data`, `created`) VALUES('3', 'FieldtypeText', '0', '', '0000-00-00 00:00:00');
INSERT INTO `modules` (`id`, `class`, `flags`, `data`, `created`) VALUES('4', 'FieldtypePage', '0', '', '0000-00-00 00:00:00');
INSERT INTO `modules` (`id`, `class`, `flags`, `data`, `created`) VALUES('30', 'InputfieldForm', '0', '', '0000-00-00 00:00:00');
INSERT INTO `modules` (`id`, `class`, `flags`, `data`, `created`) VALUES('6', 'FieldtypeFile', '0', '', '0000-00-00 00:00:00');
INSERT INTO `modules` (`id`, `class`, `flags`, `data`, `created`) VALUES('7', 'ProcessPageEdit', '1', '', '0000-00-00 00:00:00');
INSERT INTO `modules` (`id`, `class`, `flags`, `data`, `created`) VALUES('10', 'ProcessLogin', '0', '', '0000-00-00 00:00:00');
INSERT INTO `modules` (`id`, `class`, `flags`, `data`, `created`) VALUES('12', 'ProcessPageList', '0', '{\"pageLabelField\":\"title\",\"paginationLimit\":25,\"limit\":50}', '0000-00-00 00:00:00');
INSERT INTO `modules` (`id`, `class`, `flags`, `data`, `created`) VALUES('121', 'ProcessPageEditLink', '1', '', '0000-00-00 00:00:00');
INSERT INTO `modules` (`id`, `class`, `flags`, `data`, `created`) VALUES('14', 'ProcessPageSort', '0', '', '0000-00-00 00:00:00');
INSERT INTO `modules` (`id`, `class`, `flags`, `data`, `created`) VALUES('15', 'InputfieldPageListSelect', '0', '', '0000-00-00 00:00:00');
INSERT INTO `modules` (`id`, `class`, `flags`, `data`, `created`) VALUES('117', 'JqueryUI', '1', '', '0000-00-00 00:00:00');
INSERT INTO `modules` (`id`, `class`, `flags`, `data`, `created`) VALUES('17', 'ProcessPageAdd', '0', '', '0000-00-00 00:00:00');
INSERT INTO `modules` (`id`, `class`, `flags`, `data`, `created`) VALUES('125', 'SessionLoginThrottle', '3', '', '0000-00-00 00:00:00');
INSERT INTO `modules` (`id`, `class`, `flags`, `data`, `created`) VALUES('122', 'InputfieldPassword', '0', '', '0000-00-00 00:00:00');
INSERT INTO `modules` (`id`, `class`, `flags`, `data`, `created`) VALUES('25', 'InputfieldAsmSelect', '0', '', '0000-00-00 00:00:00');
INSERT INTO `modules` (`id`, `class`, `flags`, `data`, `created`) VALUES('116', 'JqueryCore', '1', '', '0000-00-00 00:00:00');
INSERT INTO `modules` (`id`, `class`, `flags`, `data`, `created`) VALUES('27', 'FieldtypeModule', '0', '', '0000-00-00 00:00:00');
INSERT INTO `modules` (`id`, `class`, `flags`, `data`, `created`) VALUES('28', 'FieldtypeDatetime', '0', '', '0000-00-00 00:00:00');
INSERT INTO `modules` (`id`, `class`, `flags`, `data`, `created`) VALUES('29', 'FieldtypeEmail', '0', '', '0000-00-00 00:00:00');
INSERT INTO `modules` (`id`, `class`, `flags`, `data`, `created`) VALUES('108', 'InputfieldURL', '0', '', '0000-00-00 00:00:00');
INSERT INTO `modules` (`id`, `class`, `flags`, `data`, `created`) VALUES('32', 'InputfieldSubmit', '0', '', '0000-00-00 00:00:00');
INSERT INTO `modules` (`id`, `class`, `flags`, `data`, `created`) VALUES('33', 'InputfieldWrapper', '0', '', '0000-00-00 00:00:00');
INSERT INTO `modules` (`id`, `class`, `flags`, `data`, `created`) VALUES('34', 'InputfieldText', '0', '', '0000-00-00 00:00:00');
INSERT INTO `modules` (`id`, `class`, `flags`, `data`, `created`) VALUES('35', 'InputfieldTextarea', '0', '', '0000-00-00 00:00:00');
INSERT INTO `modules` (`id`, `class`, `flags`, `data`, `created`) VALUES('36', 'InputfieldSelect', '0', '', '0000-00-00 00:00:00');
INSERT INTO `modules` (`id`, `class`, `flags`, `data`, `created`) VALUES('37', 'InputfieldCheckbox', '0', '', '0000-00-00 00:00:00');
INSERT INTO `modules` (`id`, `class`, `flags`, `data`, `created`) VALUES('38', 'InputfieldCheckboxes', '0', '', '0000-00-00 00:00:00');
INSERT INTO `modules` (`id`, `class`, `flags`, `data`, `created`) VALUES('39', 'InputfieldRadios', '0', '', '0000-00-00 00:00:00');
INSERT INTO `modules` (`id`, `class`, `flags`, `data`, `created`) VALUES('40', 'InputfieldHidden', '0', '', '0000-00-00 00:00:00');
INSERT INTO `modules` (`id`, `class`, `flags`, `data`, `created`) VALUES('41', 'InputfieldName', '0', '', '0000-00-00 00:00:00');
INSERT INTO `modules` (`id`, `class`, `flags`, `data`, `created`) VALUES('43', 'InputfieldSelectMultiple', '0', '', '0000-00-00 00:00:00');
INSERT INTO `modules` (`id`, `class`, `flags`, `data`, `created`) VALUES('45', 'JqueryWireTabs', '0', '', '0000-00-00 00:00:00');
INSERT INTO `modules` (`id`, `class`, `flags`, `data`, `created`) VALUES('46', 'ProcessPage', '0', '', '0000-00-00 00:00:00');
INSERT INTO `modules` (`id`, `class`, `flags`, `data`, `created`) VALUES('47', 'ProcessTemplate', '0', '', '0000-00-00 00:00:00');
INSERT INTO `modules` (`id`, `class`, `flags`, `data`, `created`) VALUES('48', 'ProcessField', '0', '', '0000-00-00 00:00:00');
INSERT INTO `modules` (`id`, `class`, `flags`, `data`, `created`) VALUES('50', 'ProcessModule', '0', '', '0000-00-00 00:00:00');
INSERT INTO `modules` (`id`, `class`, `flags`, `data`, `created`) VALUES('114', 'PagePermissions', '3', '', '0000-00-00 00:00:00');
INSERT INTO `modules` (`id`, `class`, `flags`, `data`, `created`) VALUES('97', 'FieldtypeCheckbox', '1', '', '0000-00-00 00:00:00');
INSERT INTO `modules` (`id`, `class`, `flags`, `data`, `created`) VALUES('115', 'PageRender', '3', '{\"clearCache\":1}', '0000-00-00 00:00:00');
INSERT INTO `modules` (`id`, `class`, `flags`, `data`, `created`) VALUES('55', 'InputfieldFile', '0', '', '0000-00-00 00:00:00');
INSERT INTO `modules` (`id`, `class`, `flags`, `data`, `created`) VALUES('56', 'InputfieldImage', '0', '', '0000-00-00 00:00:00');
INSERT INTO `modules` (`id`, `class`, `flags`, `data`, `created`) VALUES('57', 'FieldtypeImage', '0', '', '0000-00-00 00:00:00');
INSERT INTO `modules` (`id`, `class`, `flags`, `data`, `created`) VALUES('60', 'InputfieldPage', '0', '{\"inputfieldClasses\":[\"InputfieldSelect\",\"InputfieldSelectMultiple\",\"InputfieldCheckboxes\",\"InputfieldRadios\",\"InputfieldAsmSelect\",\"InputfieldPageListSelect\",\"InputfieldPageListSelectMultiple\"]}', '0000-00-00 00:00:00');
INSERT INTO `modules` (`id`, `class`, `flags`, `data`, `created`) VALUES('61', 'TextformatterEntities', '0', '', '0000-00-00 00:00:00');
INSERT INTO `modules` (`id`, `class`, `flags`, `data`, `created`) VALUES('66', 'ProcessUser', '0', '{\"showFields\":[\"name\",\"email\",\"roles\"]}', '0000-00-00 00:00:00');
INSERT INTO `modules` (`id`, `class`, `flags`, `data`, `created`) VALUES('67', 'MarkupAdminDataTable', '0', '', '0000-00-00 00:00:00');
INSERT INTO `modules` (`id`, `class`, `flags`, `data`, `created`) VALUES('68', 'ProcessRole', '0', '{\"showFields\":[\"name\"]}', '0000-00-00 00:00:00');
INSERT INTO `modules` (`id`, `class`, `flags`, `data`, `created`) VALUES('76', 'ProcessList', '0', '', '0000-00-00 00:00:00');
INSERT INTO `modules` (`id`, `class`, `flags`, `data`, `created`) VALUES('78', 'InputfieldFieldset', '0', '', '0000-00-00 00:00:00');
INSERT INTO `modules` (`id`, `class`, `flags`, `data`, `created`) VALUES('79', 'InputfieldMarkup', '0', '', '0000-00-00 00:00:00');
INSERT INTO `modules` (`id`, `class`, `flags`, `data`, `created`) VALUES('80', 'InputfieldEmail', '0', '', '0000-00-00 00:00:00');
INSERT INTO `modules` (`id`, `class`, `flags`, `data`, `created`) VALUES('89', 'FieldtypeFloat', '1', '', '0000-00-00 00:00:00');
INSERT INTO `modules` (`id`, `class`, `flags`, `data`, `created`) VALUES('83', 'ProcessPageView', '0', '', '0000-00-00 00:00:00');
INSERT INTO `modules` (`id`, `class`, `flags`, `data`, `created`) VALUES('84', 'FieldtypeInteger', '0', '', '0000-00-00 00:00:00');
INSERT INTO `modules` (`id`, `class`, `flags`, `data`, `created`) VALUES('85', 'InputfieldInteger', '0', '', '0000-00-00 00:00:00');
INSERT INTO `modules` (`id`, `class`, `flags`, `data`, `created`) VALUES('86', 'InputfieldPageName', '0', '', '0000-00-00 00:00:00');
INSERT INTO `modules` (`id`, `class`, `flags`, `data`, `created`) VALUES('87', 'ProcessHome', '0', '', '0000-00-00 00:00:00');
INSERT INTO `modules` (`id`, `class`, `flags`, `data`, `created`) VALUES('90', 'InputfieldFloat', '0', '', '0000-00-00 00:00:00');
INSERT INTO `modules` (`id`, `class`, `flags`, `data`, `created`) VALUES('94', 'InputfieldDatetime', '0', '', '0000-00-00 00:00:00');
INSERT INTO `modules` (`id`, `class`, `flags`, `data`, `created`) VALUES('98', 'MarkupPagerNav', '0', '', '0000-00-00 00:00:00');
INSERT INTO `modules` (`id`, `class`, `flags`, `data`, `created`) VALUES('129', 'ProcessPageEditImageSelect', '1', '', '0000-00-00 00:00:00');
INSERT INTO `modules` (`id`, `class`, `flags`, `data`, `created`) VALUES('103', 'JqueryTableSorter', '1', '', '0000-00-00 00:00:00');
INSERT INTO `modules` (`id`, `class`, `flags`, `data`, `created`) VALUES('104', 'ProcessPageSearch', '1', '{\"searchFields\":\"title\",\"displayField\":\"title path\"}', '0000-00-00 00:00:00');
INSERT INTO `modules` (`id`, `class`, `flags`, `data`, `created`) VALUES('105', 'FieldtypeFieldsetOpen', '1', '', '0000-00-00 00:00:00');
INSERT INTO `modules` (`id`, `class`, `flags`, `data`, `created`) VALUES('106', 'FieldtypeFieldsetClose', '1', '', '0000-00-00 00:00:00');
INSERT INTO `modules` (`id`, `class`, `flags`, `data`, `created`) VALUES('107', 'FieldtypeFieldsetTabOpen', '1', '', '0000-00-00 00:00:00');
INSERT INTO `modules` (`id`, `class`, `flags`, `data`, `created`) VALUES('109', 'ProcessPageTrash', '1', '', '0000-00-00 00:00:00');
INSERT INTO `modules` (`id`, `class`, `flags`, `data`, `created`) VALUES('111', 'FieldtypePageTitle', '1', '', '0000-00-00 00:00:00');
INSERT INTO `modules` (`id`, `class`, `flags`, `data`, `created`) VALUES('112', 'InputfieldPageTitle', '0', '', '0000-00-00 00:00:00');
INSERT INTO `modules` (`id`, `class`, `flags`, `data`, `created`) VALUES('113', 'MarkupPageArray', '3', '', '0000-00-00 00:00:00');
INSERT INTO `modules` (`id`, `class`, `flags`, `data`, `created`) VALUES('131', 'InputfieldButton', '0', '', '0000-00-00 00:00:00');
INSERT INTO `modules` (`id`, `class`, `flags`, `data`, `created`) VALUES('133', 'FieldtypePassword', '1', '', '0000-00-00 00:00:00');
INSERT INTO `modules` (`id`, `class`, `flags`, `data`, `created`) VALUES('134', 'ProcessPageType', '1', '{\"showFields\":[]}', '0000-00-00 00:00:00');
INSERT INTO `modules` (`id`, `class`, `flags`, `data`, `created`) VALUES('135', 'FieldtypeURL', '1', '', '0000-00-00 00:00:00');
INSERT INTO `modules` (`id`, `class`, `flags`, `data`, `created`) VALUES('136', 'ProcessPermission', '1', '{\"showFields\":[\"name\",\"title\"]}', '0000-00-00 00:00:00');
INSERT INTO `modules` (`id`, `class`, `flags`, `data`, `created`) VALUES('137', 'InputfieldPageListSelectMultiple', '0', '', '0000-00-00 00:00:00');
INSERT INTO `modules` (`id`, `class`, `flags`, `data`, `created`) VALUES('138', 'ProcessProfile', '1', '{\"profileFields\":[\"pass\",\"email\"]}', '0000-00-00 00:00:00');
INSERT INTO `modules` (`id`, `class`, `flags`, `data`, `created`) VALUES('139', 'SystemUpdater', '1', '{\"systemVersion\":9}', '0000-00-00 00:00:00');
INSERT INTO `modules` (`id`, `class`, `flags`, `data`, `created`) VALUES('148', 'AdminThemeDefault', '2', '{\"colors\":\"classic\"}', '0000-00-00 00:00:00');
INSERT INTO `modules` (`id`, `class`, `flags`, `data`, `created`) VALUES('149', 'InputfieldSelector', '2', '', '0000-00-00 00:00:00');
INSERT INTO `modules` (`id`, `class`, `flags`, `data`, `created`) VALUES('150', 'ProcessPageLister', '0', '', '0000-00-00 00:00:00');
INSERT INTO `modules` (`id`, `class`, `flags`, `data`, `created`) VALUES('151', 'JqueryMagnific', '1', '', '2014-07-21 07:21:45');
INSERT INTO `modules` (`id`, `class`, `flags`, `data`, `created`) VALUES('155', 'InputfieldCKEditor', '0', '', '2014-07-25 10:26:17');
INSERT INTO `modules` (`id`, `class`, `flags`, `data`, `created`) VALUES('156', 'MarkupHTMLPurifier', '0', '', '2014-07-25 10:26:17');
INSERT INTO `modules` (`id`, `class`, `flags`, `data`, `created`) VALUES('160', 'FieldtypeRepeater', '3', '{\"repeatersRootPageID\":1019}', '2014-09-12 22:50:03');
INSERT INTO `modules` (`id`, `class`, `flags`, `data`, `created`) VALUES('161', 'InputfieldRepeater', '0', '', '2014-09-12 22:50:03');
INSERT INTO `modules` (`id`, `class`, `flags`, `data`, `created`) VALUES('162', 'FieldtypeSelector', '1', '', '2014-09-12 22:50:21');
INSERT INTO `modules` (`id`, `class`, `flags`, `data`, `created`) VALUES('164', 'ProcessRecentPages', '1', '', '2014-10-11 12:55:14');

DROP TABLE IF EXISTS `pages`;
CREATE TABLE `pages` (
  `id` int(10) unsigned NOT NULL AUTO_INCREMENT,
  `parent_id` int(11) unsigned NOT NULL DEFAULT '0',
  `templates_id` int(11) unsigned NOT NULL DEFAULT '0',
  `name` varchar(128) CHARACTER SET ascii NOT NULL,
  `status` int(10) unsigned NOT NULL DEFAULT '1',
  `modified` timestamp NOT NULL DEFAULT CURRENT_TIMESTAMP,
  `modified_users_id` int(10) unsigned NOT NULL DEFAULT '2',
  `created` timestamp NOT NULL DEFAULT '0000-00-00 00:00:00',
  `created_users_id` int(10) unsigned NOT NULL DEFAULT '2',
  `sort` int(11) NOT NULL DEFAULT '0',
  PRIMARY KEY (`id`),
  UNIQUE KEY `name_parent_id` (`name`,`parent_id`),
  KEY `parent_id` (`parent_id`),
  KEY `templates_id` (`templates_id`),
  KEY `modified` (`modified`),
  KEY `created` (`created`),
  KEY `status` (`status`)
) ENGINE=MyISAM AUTO_INCREMENT=1062 DEFAULT CHARSET=utf8;

INSERT INTO `pages` (`id`, `parent_id`, `templates_id`, `name`, `status`, `modified`, `modified_users_id`, `created`, `created_users_id`, `sort`) VALUES('1', '0', '1', 'home', '9', '2014-09-08 21:47:13', '41', '0000-00-00 00:00:00', '2', '0');
INSERT INTO `pages` (`id`, `parent_id`, `templates_id`, `name`, `status`, `modified`, `modified_users_id`, `created`, `created_users_id`, `sort`) VALUES('2', '1', '2', 'processwire', '1035', '2014-10-11 18:38:46', '40', '0000-00-00 00:00:00', '2', '5');
INSERT INTO `pages` (`id`, `parent_id`, `templates_id`, `name`, `status`, `modified`, `modified_users_id`, `created`, `created_users_id`, `sort`) VALUES('3', '2', '2', 'page', '17', '2014-09-08 21:43:21', '41', '0000-00-00 00:00:00', '2', '0');
INSERT INTO `pages` (`id`, `parent_id`, `templates_id`, `name`, `status`, `modified`, `modified_users_id`, `created`, `created_users_id`, `sort`) VALUES('6', '3', '2', 'add', '1045', '2011-03-29 21:37:06', '41', '0000-00-00 00:00:00', '2', '0');
INSERT INTO `pages` (`id`, `parent_id`, `templates_id`, `name`, `status`, `modified`, `modified_users_id`, `created`, `created_users_id`, `sort`) VALUES('7', '1', '2', 'trash', '1039', '2011-08-14 22:04:52', '41', '2010-02-07 05:29:39', '2', '6');
INSERT INTO `pages` (`id`, `parent_id`, `templates_id`, `name`, `status`, `modified`, `modified_users_id`, `created`, `created_users_id`, `sort`) VALUES('8', '3', '2', 'list', '21', '2011-03-29 21:37:06', '41', '0000-00-00 00:00:00', '2', '1');
INSERT INTO `pages` (`id`, `parent_id`, `templates_id`, `name`, `status`, `modified`, `modified_users_id`, `created`, `created_users_id`, `sort`) VALUES('9', '3', '2', 'sort', '1047', '2011-03-29 21:37:06', '41', '0000-00-00 00:00:00', '2', '2');
INSERT INTO `pages` (`id`, `parent_id`, `templates_id`, `name`, `status`, `modified`, `modified_users_id`, `created`, `created_users_id`, `sort`) VALUES('10', '3', '2', 'edit', '1045', '2011-03-29 21:37:06', '41', '0000-00-00 00:00:00', '2', '3');
INSERT INTO `pages` (`id`, `parent_id`, `templates_id`, `name`, `status`, `modified`, `modified_users_id`, `created`, `created_users_id`, `sort`) VALUES('11', '22', '2', 'template', '21', '2011-03-29 21:37:06', '41', '2010-02-01 11:04:54', '2', '0');
INSERT INTO `pages` (`id`, `parent_id`, `templates_id`, `name`, `status`, `modified`, `modified_users_id`, `created`, `created_users_id`, `sort`) VALUES('16', '22', '2', 'field', '21', '2011-03-29 21:37:06', '41', '2010-02-01 12:44:07', '2', '2');
INSERT INTO `pages` (`id`, `parent_id`, `templates_id`, `name`, `status`, `modified`, `modified_users_id`, `created`, `created_users_id`, `sort`) VALUES('21', '2', '2', 'module', '21', '2011-03-29 21:37:06', '41', '2010-02-02 10:02:24', '2', '2');
INSERT INTO `pages` (`id`, `parent_id`, `templates_id`, `name`, `status`, `modified`, `modified_users_id`, `created`, `created_users_id`, `sort`) VALUES('22', '2', '2', 'setup', '21', '2011-03-29 21:37:06', '41', '2010-02-09 12:16:59', '2', '1');
INSERT INTO `pages` (`id`, `parent_id`, `templates_id`, `name`, `status`, `modified`, `modified_users_id`, `created`, `created_users_id`, `sort`) VALUES('23', '2', '2', 'login', '1035', '2011-05-03 23:38:10', '41', '2010-02-17 09:59:39', '2', '4');
INSERT INTO `pages` (`id`, `parent_id`, `templates_id`, `name`, `status`, `modified`, `modified_users_id`, `created`, `created_users_id`, `sort`) VALUES('27', '1', '29', 'http404', '1035', '2014-08-27 13:49:29', '41', '2010-06-03 06:53:03', '3', '4');
INSERT INTO `pages` (`id`, `parent_id`, `templates_id`, `name`, `status`, `modified`, `modified_users_id`, `created`, `created_users_id`, `sort`) VALUES('28', '2', '2', 'access', '13', '2011-05-03 23:38:10', '41', '2011-03-19 19:14:20', '2', '3');
INSERT INTO `pages` (`id`, `parent_id`, `templates_id`, `name`, `status`, `modified`, `modified_users_id`, `created`, `created_users_id`, `sort`) VALUES('29', '28', '2', 'users', '29', '2011-04-05 00:39:08', '41', '2011-03-19 19:15:29', '2', '0');
INSERT INTO `pages` (`id`, `parent_id`, `templates_id`, `name`, `status`, `modified`, `modified_users_id`, `created`, `created_users_id`, `sort`) VALUES('30', '28', '2', 'roles', '29', '2011-04-05 00:38:39', '41', '2011-03-19 19:15:45', '2', '1');
INSERT INTO `pages` (`id`, `parent_id`, `templates_id`, `name`, `status`, `modified`, `modified_users_id`, `created`, `created_users_id`, `sort`) VALUES('31', '28', '2', 'permissions', '29', '2011-04-05 00:53:52', '41', '2011-03-19 19:16:00', '2', '2');
INSERT INTO `pages` (`id`, `parent_id`, `templates_id`, `name`, `status`, `modified`, `modified_users_id`, `created`, `created_users_id`, `sort`) VALUES('32', '31', '5', 'page-edit', '25', '2014-10-11 10:52:28', '41', '2011-03-19 19:17:03', '2', '1');
INSERT INTO `pages` (`id`, `parent_id`, `templates_id`, `name`, `status`, `modified`, `modified_users_id`, `created`, `created_users_id`, `sort`) VALUES('34', '31', '5', 'page-delete', '25', '2014-10-11 10:52:28', '41', '2011-03-19 19:17:23', '2', '0');
INSERT INTO `pages` (`id`, `parent_id`, `templates_id`, `name`, `status`, `modified`, `modified_users_id`, `created`, `created_users_id`, `sort`) VALUES('35', '31', '5', 'page-move', '25', '2014-10-11 10:52:28', '41', '2011-03-19 19:17:41', '2', '4');
INSERT INTO `pages` (`id`, `parent_id`, `templates_id`, `name`, `status`, `modified`, `modified_users_id`, `created`, `created_users_id`, `sort`) VALUES('36', '31', '5', 'page-view', '25', '2014-10-11 10:52:28', '41', '2011-03-19 19:17:57', '2', '7');
INSERT INTO `pages` (`id`, `parent_id`, `templates_id`, `name`, `status`, `modified`, `modified_users_id`, `created`, `created_users_id`, `sort`) VALUES('37', '30', '4', 'guest', '25', '2011-04-05 01:37:19', '41', '2011-03-19 19:18:41', '2', '0');
INSERT INTO `pages` (`id`, `parent_id`, `templates_id`, `name`, `status`, `modified`, `modified_users_id`, `created`, `created_users_id`, `sort`) VALUES('38', '30', '4', 'superuser', '25', '2011-08-17 14:34:39', '41', '2011-03-19 19:18:55', '2', '1');
INSERT INTO `pages` (`id`, `parent_id`, `templates_id`, `name`, `status`, `modified`, `modified_users_id`, `created`, `created_users_id`, `sort`) VALUES('41', '29', '3', 'admin', '1', '2014-10-11 18:38:46', '40', '2011-03-19 19:41:26', '2', '0');
INSERT INTO `pages` (`id`, `parent_id`, `templates_id`, `name`, `status`, `modified`, `modified_users_id`, `created`, `created_users_id`, `sort`) VALUES('40', '29', '3', 'guest', '25', '2011-08-17 14:26:09', '41', '2011-03-20 17:31:59', '2', '1');
INSERT INTO `pages` (`id`, `parent_id`, `templates_id`, `name`, `status`, `modified`, `modified_users_id`, `created`, `created_users_id`, `sort`) VALUES('50', '31', '5', 'page-sort', '25', '2014-10-11 10:52:28', '41', '2011-03-26 22:04:50', '41', '5');
INSERT INTO `pages` (`id`, `parent_id`, `templates_id`, `name`, `status`, `modified`, `modified_users_id`, `created`, `created_users_id`, `sort`) VALUES('51', '31', '5', 'page-template', '25', '2014-10-11 10:52:28', '41', '2011-03-26 22:25:31', '41', '6');
INSERT INTO `pages` (`id`, `parent_id`, `templates_id`, `name`, `status`, `modified`, `modified_users_id`, `created`, `created_users_id`, `sort`) VALUES('52', '31', '5', 'user-admin', '25', '2014-10-11 10:52:28', '41', '2011-03-30 00:06:47', '41', '9');
INSERT INTO `pages` (`id`, `parent_id`, `templates_id`, `name`, `status`, `modified`, `modified_users_id`, `created`, `created_users_id`, `sort`) VALUES('53', '31', '5', 'profile-edit', '1', '2014-10-11 10:52:28', '41', '2011-04-26 00:02:22', '41', '8');
INSERT INTO `pages` (`id`, `parent_id`, `templates_id`, `name`, `status`, `modified`, `modified_users_id`, `created`, `created_users_id`, `sort`) VALUES('54', '31', '5', 'page-lock', '1', '2014-10-11 10:52:28', '41', '2011-08-15 17:45:48', '41', '3');
INSERT INTO `pages` (`id`, `parent_id`, `templates_id`, `name`, `status`, `modified`, `modified_users_id`, `created`, `created_users_id`, `sort`) VALUES('300', '3', '2', 'search', '1045', '2011-03-29 21:37:06', '41', '2010-08-04 05:23:59', '2', '5');
INSERT INTO `pages` (`id`, `parent_id`, `templates_id`, `name`, `status`, `modified`, `modified_users_id`, `created`, `created_users_id`, `sort`) VALUES('301', '3', '2', 'trash', '1047', '2011-03-29 21:37:06', '41', '2010-09-28 05:39:30', '2', '5');
INSERT INTO `pages` (`id`, `parent_id`, `templates_id`, `name`, `status`, `modified`, `modified_users_id`, `created`, `created_users_id`, `sort`) VALUES('302', '3', '2', 'link', '1041', '2011-03-29 21:37:06', '41', '2010-10-01 05:03:56', '2', '6');
INSERT INTO `pages` (`id`, `parent_id`, `templates_id`, `name`, `status`, `modified`, `modified_users_id`, `created`, `created_users_id`, `sort`) VALUES('303', '3', '2', 'image', '1041', '2011-03-29 21:37:06', '41', '2010-10-13 03:56:48', '2', '7');
INSERT INTO `pages` (`id`, `parent_id`, `templates_id`, `name`, `status`, `modified`, `modified_users_id`, `created`, `created_users_id`, `sort`) VALUES('304', '2', '2', 'profile', '1025', '2011-05-03 23:38:10', '41', '2011-04-25 23:57:18', '41', '5');
INSERT INTO `pages` (`id`, `parent_id`, `templates_id`, `name`, `status`, `modified`, `modified_users_id`, `created`, `created_users_id`, `sort`) VALUES('1006', '31', '5', 'page-lister', '1', '2014-10-11 10:52:28', '41', '2014-07-20 09:00:38', '40', '2');
INSERT INTO `pages` (`id`, `parent_id`, `templates_id`, `name`, `status`, `modified`, `modified_users_id`, `created`, `created_users_id`, `sort`) VALUES('1007', '3', '2', 'lister', '1', '2014-07-20 09:00:38', '40', '2014-07-20 09:00:38', '40', '8');
INSERT INTO `pages` (`id`, `parent_id`, `templates_id`, `name`, `status`, `modified`, `modified_users_id`, `created`, `created_users_id`, `sort`) VALUES('1039', '1037', '47', 'clean', '1', '2014-10-11 10:48:51', '41', '2014-10-11 10:48:48', '41', '1');
INSERT INTO `pages` (`id`, `parent_id`, `templates_id`, `name`, `status`, `modified`, `modified_users_id`, `created`, `created_users_id`, `sort`) VALUES('1014', '30', '4', 'editor', '1', '2014-09-08 21:50:23', '41', '2014-09-08 21:49:04', '41', '2');
INSERT INTO `pages` (`id`, `parent_id`, `templates_id`, `name`, `status`, `modified`, `modified_users_id`, `created`, `created_users_id`, `sort`) VALUES('1019', '2', '2', 'repeaters', '1036', '2014-09-12 22:50:03', '41', '2014-09-12 22:50:03', '41', '6');
INSERT INTO `pages` (`id`, `parent_id`, `templates_id`, `name`, `status`, `modified`, `modified_users_id`, `created`, `created_users_id`, `sort`) VALUES('1037', '2', '46', 'content-ratings', '1025', '2014-10-11 10:45:41', '41', '2014-10-11 10:44:53', '41', '7');
INSERT INTO `pages` (`id`, `parent_id`, `templates_id`, `name`, `status`, `modified`, `modified_users_id`, `created`, `created_users_id`, `sort`) VALUES('1020', '1019', '2', 'for-field-111', '17', '2014-09-12 22:51:20', '41', '2014-09-12 22:51:20', '41', '0');
INSERT INTO `pages` (`id`, `parent_id`, `templates_id`, `name`, `status`, `modified`, `modified_users_id`, `created`, `created_users_id`, `sort`) VALUES('1040', '1037', '47', 'yes', '1', '2014-10-11 10:55:43', '41', '2014-10-11 10:49:07', '41', '2');
INSERT INTO `pages` (`id`, `parent_id`, `templates_id`, `name`, `status`, `modified`, `modified_users_id`, `created`, `created_users_id`, `sort`) VALUES('1052', '31', '5', 'page-edit-recent', '1', '2014-10-11 12:55:14', '40', '2014-10-11 12:55:14', '40', '10');
INSERT INTO `pages` (`id`, `parent_id`, `templates_id`, `name`, `status`, `modified`, `modified_users_id`, `created`, `created_users_id`, `sort`) VALUES('1051', '3', '2', 'recent-pages', '1', '2014-10-11 12:55:14', '40', '2014-10-11 12:55:14', '40', '9');

DROP TABLE IF EXISTS `pages_access`;
CREATE TABLE `pages_access` (
  `pages_id` int(11) NOT NULL,
  `templates_id` int(11) NOT NULL,
  `ts` timestamp NOT NULL DEFAULT CURRENT_TIMESTAMP ON UPDATE CURRENT_TIMESTAMP,
  PRIMARY KEY (`pages_id`),
  KEY `templates_id` (`templates_id`)
) ENGINE=MyISAM DEFAULT CHARSET=utf8;

INSERT INTO `pages_access` (`pages_id`, `templates_id`, `ts`) VALUES('37', '2', '2011-09-06 12:10:09');
INSERT INTO `pages_access` (`pages_id`, `templates_id`, `ts`) VALUES('38', '2', '2011-09-06 12:10:09');
INSERT INTO `pages_access` (`pages_id`, `templates_id`, `ts`) VALUES('32', '2', '2011-09-06 12:10:09');
INSERT INTO `pages_access` (`pages_id`, `templates_id`, `ts`) VALUES('34', '2', '2011-09-06 12:10:09');
INSERT INTO `pages_access` (`pages_id`, `templates_id`, `ts`) VALUES('35', '2', '2011-09-06 12:10:09');
INSERT INTO `pages_access` (`pages_id`, `templates_id`, `ts`) VALUES('36', '2', '2011-09-06 12:10:09');
INSERT INTO `pages_access` (`pages_id`, `templates_id`, `ts`) VALUES('50', '2', '2011-09-06 12:10:09');
INSERT INTO `pages_access` (`pages_id`, `templates_id`, `ts`) VALUES('51', '2', '2011-09-06 12:10:09');
INSERT INTO `pages_access` (`pages_id`, `templates_id`, `ts`) VALUES('52', '2', '2011-09-06 12:10:09');
INSERT INTO `pages_access` (`pages_id`, `templates_id`, `ts`) VALUES('53', '2', '2011-09-06 12:10:09');
INSERT INTO `pages_access` (`pages_id`, `templates_id`, `ts`) VALUES('54', '2', '2011-09-06 12:10:09');
INSERT INTO `pages_access` (`pages_id`, `templates_id`, `ts`) VALUES('1006', '2', '2014-07-20 09:00:38');
INSERT INTO `pages_access` (`pages_id`, `templates_id`, `ts`) VALUES('1039', '2', '2014-10-11 10:48:48');
INSERT INTO `pages_access` (`pages_id`, `templates_id`, `ts`) VALUES('1014', '2', '2014-09-08 21:49:04');
INSERT INTO `pages_access` (`pages_id`, `templates_id`, `ts`) VALUES('1037', '2', '2014-10-11 10:44:53');
INSERT INTO `pages_access` (`pages_id`, `templates_id`, `ts`) VALUES('1040', '2', '2014-10-11 10:49:07');
INSERT INTO `pages_access` (`pages_id`, `templates_id`, `ts`) VALUES('1052', '2', '2014-10-11 12:55:14');

DROP TABLE IF EXISTS `pages_parents`;
CREATE TABLE `pages_parents` (
  `pages_id` int(10) unsigned NOT NULL,
  `parents_id` int(10) unsigned NOT NULL,
  PRIMARY KEY (`pages_id`,`parents_id`)
) ENGINE=MyISAM DEFAULT CHARSET=utf8;

INSERT INTO `pages_parents` (`pages_id`, `parents_id`) VALUES('2', '1');
INSERT INTO `pages_parents` (`pages_id`, `parents_id`) VALUES('3', '1');
INSERT INTO `pages_parents` (`pages_id`, `parents_id`) VALUES('3', '2');
INSERT INTO `pages_parents` (`pages_id`, `parents_id`) VALUES('7', '1');
INSERT INTO `pages_parents` (`pages_id`, `parents_id`) VALUES('22', '1');
INSERT INTO `pages_parents` (`pages_id`, `parents_id`) VALUES('22', '2');
INSERT INTO `pages_parents` (`pages_id`, `parents_id`) VALUES('28', '1');
INSERT INTO `pages_parents` (`pages_id`, `parents_id`) VALUES('28', '2');
INSERT INTO `pages_parents` (`pages_id`, `parents_id`) VALUES('29', '1');
INSERT INTO `pages_parents` (`pages_id`, `parents_id`) VALUES('29', '2');
INSERT INTO `pages_parents` (`pages_id`, `parents_id`) VALUES('29', '28');
INSERT INTO `pages_parents` (`pages_id`, `parents_id`) VALUES('30', '1');
INSERT INTO `pages_parents` (`pages_id`, `parents_id`) VALUES('30', '2');
INSERT INTO `pages_parents` (`pages_id`, `parents_id`) VALUES('30', '28');
INSERT INTO `pages_parents` (`pages_id`, `parents_id`) VALUES('31', '1');
INSERT INTO `pages_parents` (`pages_id`, `parents_id`) VALUES('31', '2');
INSERT INTO `pages_parents` (`pages_id`, `parents_id`) VALUES('31', '28');
INSERT INTO `pages_parents` (`pages_id`, `parents_id`) VALUES('1019', '1');
INSERT INTO `pages_parents` (`pages_id`, `parents_id`) VALUES('1019', '2');
INSERT INTO `pages_parents` (`pages_id`, `parents_id`) VALUES('1020', '1');
INSERT INTO `pages_parents` (`pages_id`, `parents_id`) VALUES('1020', '2');
INSERT INTO `pages_parents` (`pages_id`, `parents_id`) VALUES('1020', '1019');
INSERT INTO `pages_parents` (`pages_id`, `parents_id`) VALUES('1037', '1');
INSERT INTO `pages_parents` (`pages_id`, `parents_id`) VALUES('1037', '2');

DROP TABLE IF EXISTS `pages_sortfields`;
CREATE TABLE `pages_sortfields` (
  `pages_id` int(10) unsigned NOT NULL DEFAULT '0',
  `sortfield` varchar(20) NOT NULL DEFAULT '',
  PRIMARY KEY (`pages_id`)
) ENGINE=MyISAM DEFAULT CHARSET=utf8;


DROP TABLE IF EXISTS `session_login_throttle`;
CREATE TABLE `session_login_throttle` (
  `name` varchar(128) NOT NULL,
  `attempts` int(10) unsigned NOT NULL DEFAULT '0',
  `last_attempt` int(10) unsigned NOT NULL,
  PRIMARY KEY (`name`)
) ENGINE=MyISAM DEFAULT CHARSET=utf8;

DROP TABLE IF EXISTS `templates`;
CREATE TABLE `templates` (
  `id` int(10) unsigned NOT NULL AUTO_INCREMENT,
  `name` varchar(255) CHARACTER SET ascii NOT NULL,
  `fieldgroups_id` int(10) unsigned NOT NULL DEFAULT '0',
  `flags` int(11) NOT NULL DEFAULT '0',
  `cache_time` mediumint(9) NOT NULL DEFAULT '0',
  `data` text NOT NULL,
  PRIMARY KEY (`id`),
  UNIQUE KEY `name` (`name`),
  KEY `fieldgroups_id` (`fieldgroups_id`)
) ENGINE=MyISAM AUTO_INCREMENT=48 DEFAULT CHARSET=utf8;

INSERT INTO `templates` (`id`, `name`, `fieldgroups_id`, `flags`, `cache_time`, `data`) VALUES('2', 'admin', '2', '8', '0', '{\"useRoles\":1,\"parentTemplates\":[2],\"allowPageNum\":1,\"redirectLogin\":23,\"slashUrls\":1,\"noGlobal\":1,\"modified\":1413068237}');
INSERT INTO `templates` (`id`, `name`, `fieldgroups_id`, `flags`, `cache_time`, `data`) VALUES('3', 'user', '3', '8', '0', '{\"useRoles\":1,\"noChildren\":1,\"parentTemplates\":[2],\"slashUrls\":1,\"pageClass\":\"User\",\"noGlobal\":1,\"noMove\":1,\"noTrash\":1,\"noSettings\":1,\"noChangeTemplate\":1,\"nameContentTab\":1}');
INSERT INTO `templates` (`id`, `name`, `fieldgroups_id`, `flags`, `cache_time`, `data`) VALUES('4', 'role', '4', '8', '0', '{\"noChildren\":1,\"parentTemplates\":[2],\"slashUrls\":1,\"pageClass\":\"Role\",\"noGlobal\":1,\"noMove\":1,\"noTrash\":1,\"noSettings\":1,\"noChangeTemplate\":1,\"nameContentTab\":1}');
INSERT INTO `templates` (`id`, `name`, `fieldgroups_id`, `flags`, `cache_time`, `data`) VALUES('5', 'permission', '5', '8', '0', '{\"noChildren\":1,\"parentTemplates\":[2],\"slashUrls\":1,\"guestSearchable\":1,\"pageClass\":\"Permission\",\"noGlobal\":1,\"noMove\":1,\"noTrash\":1,\"noSettings\":1,\"noChangeTemplate\":1,\"nameContentTab\":1}');
INSERT INTO `templates` (`id`, `name`, `fieldgroups_id`, `flags`, `cache_time`, `data`) VALUES('1', 'podcasts', '1', '0', '0', '{\"useRoles\":1,\"editRoles\":[1014],\"addRoles\":[1014],\"createRoles\":[1014],\"noParents\":1,\"childTemplates\":[43],\"slashUrls\":1,\"modified\":1413068238,\"roles\":[37,1014]}');
INSERT INTO `templates` (`id`, `name`, `fieldgroups_id`, `flags`, `cache_time`, `data`) VALUES('29', 'basic-page', '83', '0', '0', '{\"slashUrls\":1,\"modified\":1410136752}');
INSERT INTO `templates` (`id`, `name`, `fieldgroups_id`, `flags`, `cache_time`, `data`) VALUES('43', 'podcast', '97', '0', '0', '{\"sortfield\":\"-97\",\"childTemplates\":[44],\"parentTemplates\":[1],\"slashUrls\":1,\"label\":\"Podcast\",\"modified\":1413068238}');
INSERT INTO `templates` (`id`, `name`, `fieldgroups_id`, `flags`, `cache_time`, `data`) VALUES('44', 'episode', '98', '0', '0', '{\"noChildren\":1,\"parentTemplates\":[43],\"slashUrls\":1,\"label\":\"Episode\",\"modified\":1413046590}');
INSERT INTO `templates` (`id`, `name`, `fieldgroups_id`, `flags`, `cache_time`, `data`) VALUES('45', 'repeater_categories', '99', '8', '0', '{\"noChildren\":1,\"noParents\":1,\"slashUrls\":1,\"noGlobal\":1,\"modified\":1410580280}');
INSERT INTO `templates` (`id`, `name`, `fieldgroups_id`, `flags`, `cache_time`, `data`) VALUES('46', 'content_ratings', '100', '0', '0', '{\"noParents\":1,\"childTemplates\":[47],\"slashUrls\":1,\"modified\":1413042317}');
INSERT INTO `templates` (`id`, `name`, `fieldgroups_id`, `flags`, `cache_time`, `data`) VALUES('47', 'content_rating', '101', '0', '0', '{\"noChildren\":1,\"parentTemplates\":[46],\"slashUrls\":1,\"noShortcut\":1,\"label\":\"Content Rating\",\"modified\":1413042847}');

UPDATE pages SET created_users_id=41, modified_users_id=41, created=NOW(), modified=NOW();

--- /WireDatabaseBackup {"numTables":35,"numCreateTables":41,"numInserts":334,"numSeconds":0}